<?xml version="1.0" encoding="UTF-8"?>
<project-private xmlns="http://www.netbeans.org/ns/project-private/1">
    <editor-bookmarks xmlns="http://www.netbeans.org/ns/editor-bookmarks/2" lastBookmarkId="0"/>
    <open-files xmlns="http://www.netbeans.org/ns/projectui-open-files/2">
        <group>
            <file>file:/G:/java/baikiemtra/src/java/database/XLTimKiemBh.java</file>
            <file>file:/G:/java/baikiemtra/src/java/database/XLThemBh.java</file>
            <file>file:/G:/java/baikiemtra/web/XoaBH.jsp</file>
            <file>file:/G:/java/baikiemtra/src/java/database/DBConfig.java</file>
            <file>file:/G:/java/baikiemtra/src/java/database/XLXoaBh.java</file>
            <file>file:/G:/java/baikiemtra/src/java/database/XLSuaBh.java</file>
        </group>
    </open-files>
</project-private>
